Age,Gender,Race,Income,Credit_Score,Employment_Years,Loan_Status
56,Female,Group_C,100000,510,29,1
69,Male,Group_B,97000,422,8,1
46,Non-Binary,Group_B,25000,528,5,0
32,Female,Group_C,129000,687,24,1
60,Non-Binary,Group_A,33000,439,18,0
25,Female,Group_B,91000,840,15,1
38,Non-Binary,Group_C,73000,690,20,1
56,Male,Group_C,46000,569,1,0
36,Male,Group_C,32000,311,9,0
40,Male,Group_C,79000,688,15,1
28,Female,Group_A,25000,636,36,1
28,Non-Binary,Group_C,77000,805,14,1
41,Male,Group_B,68000,405,12,0
70,Non-Binary,Group_A,45000,331,12,0
53,Non-Binary,Group_C,66000,373,31,0
57,Male,Group_A,24000,470,7,0
41,Male,Group_B,39000,368,17,0
20,Non-Binary,Group_C,78000,661,35,1
39,Male,Group_B,36000,732,25,1
70,Male,Group_C,33000,399,9,0
19,Male,Group_C,32000,308,30,0
41,Female,Group_C,147000,328,32,1
61,Non-Binary,Group_C,63000,413,28,0
47,Non-Binary,Group_C,138000,761,4,1
55,Female,Group_A,38000,442,12,0
19,Non-Binary,Group_C,82000,689,0,1
38,Male,Group_C,100000,456,22,1
50,Non-Binary,Group_A,119000,634,39,1
29,Male,Group_A,141000,559,2,1
39,Female,Group_A,63000,381,2,0
61,Male,Group_A,123000,740,6,1
42,Non-Binary,Group_A,80000,471,35,1
66,Non-Binary,Group_A,144000,530,34,1
44,Non-Binary,Group_C,90000,374,14,0
59,Female,Group_C,126000,569,39,1
45,Female,Group_B,69000,361,2,0
33,Non-Binary,Group_C,84000,619,28,1
32,Male,Group_C,118000,401,29,1
64,Female,Group_A,51000,728,38,1
68,Non-Binary,Group_A,77000,554,17,1
61,Non-Binary,Group_C,147000,831,10,1
72,Female,Group_B,131000,411,37,1
69,Female,Group_A,87000,612,39,1
74,Female,Group_C,59000,760,0,1
20,Male,Group_C,109000,761,28,1
54,Male,Group_B,47000,391,9,0
68,Non-Binary,Group_B,115000,351,27,1
24,Female,Group_A,50000,819,30,1
38,Male,Group_B,22000,397,18,0
26,Female,Group_C,43000,535,2,0
56,Non-Binary,Group_C,34000,673,35,1
35,Male,Group_B,64000,533,14,1
21,Male,Group_B,27000,331,32,0
42,Male,Group_B,90000,588,25,1
31,Non-Binary,Group_B,127000,841,15,1
67,Female,Group_A,134000,413,35,1
26,Male,Group_B,122000,503,32,1
43,Non-Binary,Group_A,144000,328,19,1
70,Female,Group_C,76000,773,12,1
19,Non-Binary,Group_B,49000,552,32,1
37,Female,Group_A,133000,685,4,1
45,Non-Binary,Group_B,136000,361,36,1
64,Female,Group_C,79000,814,13,1
24,Male,Group_C,117000,729,26,1
61,Female,Group_C,145000,836,22,1
25,Non-Binary,Group_B,113000,440,13,1
64,Non-Binary,Group_B,141000,599,39,1
52,Female,Group_A,127000,610,3,1
31,Male,Group_C,23000,770,38,1
34,Male,Group_B,112000,692,18,1
53,Female,Group_C,25000,744,3,1
67,Female,Group_C,51000,471,29,0
57,Non-Binary,Group_A,125000,330,18,1
21,Male,Group_A,34000,346,30,0
19,Female,Group_A,141000,429,30,1
23,Male,Group_A,115000,651,8,1
71,Female,Group_C,25000,357,12,0
59,Female,Group_A,131000,405,13,1
21,Male,Group_A,139000,629,9,1
71,Female,Group_A,142000,682,30,1
46,Female,Group_A,86000,461,36,1
35,Non-Binary,Group_C,125000,585,22,1
43,Female,Group_A,62000,370,26,0
61,Female,Group_C,115000,753,5,1
51,Female,Group_B,100000,696,25,1
27,Non-Binary,Group_C,60000,814,1,1
53,Male,Group_C,54000,325,12,0
31,Non-Binary,Group_A,41000,612,18,1
48,Non-Binary,Group_B,131000,425,0,1
65,Male,Group_B,30000,707,39,1
32,Non-Binary,Group_B,22000,497,31,0
25,Male,Group_B,79000,487,21,1
31,Non-Binary,Group_C,95000,783,28,1
40,Male,Group_B,106000,749,1,1
74,Female,Group_C,33000,822,39,1
57,Non-Binary,Group_C,37000,653,37,1
38,Non-Binary,Group_C,132000,399,10,1
33,Non-Binary,Group_B,92000,577,16,1
62,Non-Binary,Group_A,42000,790,7,1
35,Female,Group_A,102000,554,21,1
64,Non-Binary,Group_B,144000,680,3,1
70,Female,Group_A,88000,841,10,1
41,Female,Group_A,66000,563,7,1
43,Female,Group_C,135000,628,8,1
42,Female,Group_C,49000,414,25,0
62,Male,Group_B,44000,575,1,0
58,Male,Group_B,131000,787,15,1
46,Non-Binary,Group_A,44000,580,30,1
32,Male,Group_C,93000,574,5,1
62,Male,Group_B,77000,627,20,1
18,Non-Binary,Group_B,113000,510,25,1
42,Non-Binary,Group_B,138000,325,18,1
24,Non-Binary,Group_B,146000,326,27,1
26,Male,Group_B,44000,382,7,0
41,Male,Group_B,97000,712,13,1
18,Non-Binary,Group_A,118000,466,23,1
61,Female,Group_C,135000,468,36,1
25,Non-Binary,Group_C,67000,528,25,1
41,Female,Group_B,29000,666,30,1
28,Female,Group_C,118000,827,31,1
68,Non-Binary,Group_C,30000,837,1,1
34,Non-Binary,Group_C,104000,823,24,1
25,Non-Binary,Group_B,145000,371,1,1
52,Male,Group_B,83000,405,0,0
52,Female,Group_C,21000,581,35,0
50,Male,Group_C,95000,432,11,1
22,Male,Group_B,140000,833,8,1
59,Non-Binary,Group_A,61000,568,35,1
56,Male,Group_C,73000,711,27,1
58,Non-Binary,Group_A,94000,317,37,1
45,Female,Group_C,35000,416,32,0
24,Non-Binary,Group_A,37000,443,21,0
26,Male,Group_A,109000,721,24,1
25,Male,Group_A,25000,668,17,1
29,Non-Binary,Group_B,127000,349,5,1
51,Non-Binary,Group_A,67000,405,17,0
50,Male,Group_A,61000,515,15,1
65,Female,Group_A,95000,724,14,1
72,Female,Group_C,96000,371,7,0
40,Non-Binary,Group_A,149000,745,12,1
41,Female,Group_C,78000,485,6,1
54,Male,Group_A,46000,369,16,0
52,Non-Binary,Group_A,98000,449,31,1
61,Male,Group_B,91000,545,21,1
57,Male,Group_C,26000,837,12,1
39,Female,Group_A,130000,398,22,1
44,Non-Binary,Group_C,138000,577,28,1
52,Non-Binary,Group_C,82000,754,21,1
18,Female,Group_B,143000,403,0,1
52,Male,Group_B,31000,532,28,0
54,Male,Group_B,62000,693,4,1
64,Male,Group_B,36000,800,34,1
31,Male,Group_B,82000,550,9,1
20,Non-Binary,Group_B,139000,820,18,1
18,Non-Binary,Group_B,55000,378,36,0
22,Female,Group_B,27000,351,6,0
43,Female,Group_A,88000,525,34,1
72,Non-Binary,Group_C,109000,350,12,1
31,Non-Binary,Group_B,55000,485,9,0
56,Male,Group_B,47000,333,1,0
44,Male,Group_C,137000,430,5,1
26,Female,Group_A,112000,742,7,1
32,Non-Binary,Group_C,95000,731,35,1
32,Female,Group_C,120000,796,24,1
43,Non-Binary,Group_B,33000,702,39,1
59,Male,Group_C,90000,622,6,1
30,Female,Group_C,143000,509,22,1
68,Female,Group_B,144000,628,18,1
49,Non-Binary,Group_B,56000,671,21,1
56,Male,Group_B,48000,759,12,1
66,Female,Group_B,38000,432,20,0
69,Male,Group_C,125000,420,0,1
49,Female,Group_C,40000,751,18,1
21,Male,Group_A,83000,428,32,1
47,Non-Binary,Group_A,46000,390,3,0
54,Female,Group_C,74000,328,2,0
40,Female,Group_A,48000,823,26,1
56,Male,Group_C,44000,632,34,1
62,Male,Group_A,89000,596,27,1
32,Female,Group_B,82000,429,5,0
60,Non-Binary,Group_A,149000,592,5,1
46,Male,Group_B,35000,472,22,0
53,Male,Group_B,119000,323,32,1
30,Male,Group_B,49000,398,15,0
49,Female,Group_B,64000,705,23,1
24,Female,Group_A,38000,655,4,0
68,Female,Group_C,53000,438,12,0
39,Female,Group_B,81000,802,11,1
45,Non-Binary,Group_A,137000,473,4,1
19,Non-Binary,Group_B,119000,328,36,1
59,Female,Group_A,41000,795,30,1
62,Non-Binary,Group_A,130000,650,27,1
74,Male,Group_A,92000,598,27,1
70,Male,Group_C,57000,491,29,1
23,Male,Group_A,89000,363,17,0
45,Female,Group_A,135000,514,26,1
45,Male,Group_C,98000,465,34,1
61,Non-Binary,Group_C,28000,842,25,1
61,Female,Group_A,51000,531,38,1
37,Non-Binary,Group_C,69000,840,17,1
47,Male,Group_B,101000,494,32,1
28,Male,Group_B,24000,805,24,1
72,Male,Group_C,106000,633,30,1
45,Female,Group_C,145000,603,36,1
42,Non-Binary,Group_A,94000,736,1,1
56,Female,Group_C,41000,622,32,1
50,Female,Group_A,87000,801,38,1
18,Male,Group_B,63000,692,31,1
74,Female,Group_C,53000,448,17,0
44,Female,Group_A,96000,704,16,1
74,Male,Group_A,61000,582,33,1
69,Female,Group_B,125000,661,38,1
30,Male,Group_C,114000,678,6,1
58,Male,Group_B,87000,497,34,1
20,Male,Group_A,147000,655,29,1
56,Male,Group_A,104000,839,11,1
23,Female,Group_C,102000,728,34,1
25,Male,Group_A,114000,316,10,1
44,Male,Group_C,51000,678,3,1
26,Female,Group_B,85000,805,24,1
54,Female,Group_C,135000,375,31,1
50,Non-Binary,Group_C,149000,530,19,1
68,Female,Group_A,79000,547,30,1
59,Female,Group_A,36000,601,3,0
61,Non-Binary,Group_C,115000,514,37,1
41,Female,Group_A,35000,457,0,0
32,Female,Group_A,65000,368,2,0
71,Female,Group_A,126000,692,36,1
49,Female,Group_C,107000,384,21,1
49,Non-Binary,Group_A,148000,566,16,1
41,Female,Group_C,138000,368,13,1
58,Female,Group_A,104000,646,34,1
69,Non-Binary,Group_B,23000,722,12,1
66,Male,Group_A,90000,473,34,1
66,Non-Binary,Group_A,130000,414,1,1
69,Male,Group_C,69000,519,12,1
29,Non-Binary,Group_C,114000,330,15,1
56,Non-Binary,Group_A,111000,822,17,1
19,Female,Group_B,84000,642,6,1
20,Male,Group_A,66000,676,35,1
66,Female,Group_A,125000,429,29,1
54,Male,Group_B,149000,838,6,1
66,Non-Binary,Group_C,125000,301,14,1
73,Non-Binary,Group_A,43000,400,39,0
34,Male,Group_C,23000,832,18,1
66,Female,Group_C,127000,357,36,1
19,Female,Group_B,38000,688,1,1
19,Female,Group_B,59000,640,12,1
45,Female,Group_C,69000,319,39,0
71,Non-Binary,Group_A,94000,554,30,1
40,Non-Binary,Group_C,31000,616,15,0
54,Non-Binary,Group_A,46000,337,5,0
49,Non-Binary,Group_A,132000,836,27,1
50,Non-Binary,Group_B,68000,685,31,1
18,Female,Group_A,149000,325,9,1
36,Female,Group_A,79000,753,17,1
19,Female,Group_C,49000,622,3,1
70,Female,Group_B,103000,812,8,1
61,Non-Binary,Group_A,47000,312,6,0
43,Non-Binary,Group_A,44000,670,7,1
49,Non-Binary,Group_B,115000,590,6,1
23,Male,Group_C,144000,631,39,1
49,Female,Group_B,29000,560,2,0
72,Female,Group_B,61000,504,16,0
21,Non-Binary,Group_A,59000,686,1,1
72,Female,Group_A,96000,767,14,1
28,Female,Group_C,124000,714,28,1
73,Non-Binary,Group_A,137000,368,21,1
34,Male,Group_A,61000,771,3,1
55,Male,Group_B,66000,403,5,0
41,Male,Group_A,41000,460,37,0
22,Non-Binary,Group_C,126000,499,25,1
69,Female,Group_B,46000,515,10,0
51,Non-Binary,Group_C,60000,511,25,1
23,Non-Binary,Group_B,99000,807,16,1
39,Female,Group_A,108000,315,23,1
28,Male,Group_B,85000,797,27,1
65,Male,Group_B,31000,631,34,1
33,Non-Binary,Group_A,92000,555,30,1
50,Male,Group_A,95000,471,12,1
26,Non-Binary,Group_C,109000,797,34,1
23,Non-Binary,Group_C,29000,770,15,1
33,Female,Group_A,115000,683,14,1
46,Female,Group_A,39000,806,17,1
20,Female,Group_A,58000,826,36,1
37,Non-Binary,Group_B,79000,624,26,1
53,Female,Group_B,85000,513,34,1
36,Male,Group_B,84000,507,34,1
43,Male,Group_A,143000,468,27,1
20,Non-Binary,Group_C,149000,629,38,1
36,Non-Binary,Group_A,76000,579,37,1
37,Female,Group_B,97000,604,8,1
49,Non-Binary,Group_B,48000,445,11,0
24,Non-Binary,Group_A,34000,815,14,1
69,Male,Group_A,31000,389,20,0
58,Male,Group_B,120000,752,34,1
50,Female,Group_B,103000,359,32,1
57,Non-Binary,Group_B,144000,610,18,1
56,Non-Binary,Group_A,122000,827,22,1
35,Male,Group_B,43000,526,12,0
57,Non-Binary,Group_B,129000,773,0,1
18,Male,Group_C,97000,840,28,1
28,Female,Group_A,120000,378,23,1
45,Male,Group_C,147000,732,15,1
74,Non-Binary,Group_C,77000,452,24,1
42,Female,Group_B,95000,700,22,1
67,Male,Group_A,55000,578,27,1
40,Male,Group_B,41000,356,15,0
48,Female,Group_A,146000,485,37,1
47,Female,Group_C,99000,697,10,1
59,Male,Group_A,119000,457,2,1
52,Non-Binary,Group_B,115000,658,14,1
24,Male,Group_B,37000,739,0,1
33,Female,Group_B,57000,765,6,1
43,Male,Group_A,128000,745,0,1
65,Female,Group_C,142000,787,31,1
74,Female,Group_C,123000,829,8,1
69,Non-Binary,Group_A,100000,372,28,1
66,Female,Group_B,106000,316,25,1
19,Female,Group_C,80000,830,22,1
18,Non-Binary,Group_B,65000,625,28,1
65,Female,Group_A,51000,845,37,1
29,Non-Binary,Group_B,34000,501,32,0
22,Non-Binary,Group_C,63000,643,6,1
54,Female,Group_C,73000,822,11,1
49,Female,Group_B,63000,699,30,1
72,Male,Group_A,117000,517,31,1
26,Non-Binary,Group_B,24000,744,19,1
58,Male,Group_A,128000,521,16,1
52,Female,Group_B,46000,682,35,1
36,Male,Group_C,135000,306,2,1
65,Non-Binary,Group_A,106000,571,0,1
33,Male,Group_A,123000,315,26,1
20,Non-Binary,Group_A,142000,723,39,1
37,Female,Group_C,98000,823,32,1
41,Female,Group_B,62000,320,19,0
71,Non-Binary,Group_C,116000,527,13,1
73,Female,Group_A,50000,587,35,1
50,Female,Group_B,118000,433,4,1
41,Female,Group_C,36000,582,22,0
69,Female,Group_A,102000,703,14,1
28,Non-Binary,Group_A,129000,365,5,1
66,Male,Group_C,51000,736,32,1
25,Male,Group_C,54000,558,18,1
53,Female,Group_C,48000,402,12,0
55,Male,Group_A,89000,400,28,1
57,Male,Group_C,114000,497,5,1
37,Female,Group_A,41000,525,14,0
52,Female,Group_C,88000,762,15,1
65,Male,Group_A,108000,536,23,1
42,Non-Binary,Group_A,91000,325,22,0
52,Female,Group_B,148000,420,9,1
42,Non-Binary,Group_C,106000,805,16,1
46,Male,Group_C,115000,481,29,1
35,Female,Group_A,94000,842,9,1
63,Non-Binary,Group_A,73000,614,18,1
35,Female,Group_A,107000,572,28,1
19,Male,Group_B,73000,531,1,1
71,Non-Binary,Group_B,35000,719,35,1
52,Male,Group_A,118000,741,18,1
33,Male,Group_C,39000,795,6,1
58,Female,Group_C,65000,323,25,0
53,Non-Binary,Group_B,146000,408,14,1
50,Male,Group_B,77000,801,37,1
21,Male,Group_A,130000,324,2,1
50,Non-Binary,Group_C,148000,486,37,1
31,Male,Group_A,100000,587,15,1
38,Male,Group_B,103000,637,1,1
65,Non-Binary,Group_C,89000,336,30,1
37,Non-Binary,Group_C,27000,436,27,0
73,Non-Binary,Group_B,48000,807,6,1
25,Non-Binary,Group_A,131000,526,29,1
24,Female,Group_A,127000,619,6,1
20,Non-Binary,Group_C,128000,481,35,1
34,Female,Group_B,39000,385,28,0
50,Female,Group_C,92000,766,23,1
65,Female,Group_B,23000,352,38,0
29,Male,Group_A,38000,534,3,0
68,Female,Group_B,121000,732,28,1
39,Female,Group_A,105000,795,4,1
72,Male,Group_B,71000,399,28,0
39,Male,Group_C,130000,702,29,1
63,Male,Group_A,128000,695,28,1
47,Non-Binary,Group_C,105000,826,25,1
55,Male,Group_C,62000,714,18,1
55,Male,Group_A,61000,762,25,1
62,Female,Group_A,109000,840,36,1
68,Male,Group_C,134000,663,26,1
71,Non-Binary,Group_C,45000,429,29,0
25,Male,Group_C,62000,383,29,0
44,Non-Binary,Group_C,96000,570,2,1
44,Male,Group_A,39000,543,6,0
51,Male,Group_A,58000,687,8,1
38,Male,Group_C,31000,513,12,0
47,Male,Group_B,30000,465,14,0
50,Non-Binary,Group_B,61000,358,4,0
45,Non-Binary,Group_A,30000,803,28,1
64,Female,Group_C,57000,422,34,0
50,Non-Binary,Group_C,117000,712,26,1
22,Male,Group_A,38000,438,26,0
65,Female,Group_B,135000,528,7,1
36,Female,Group_B,132000,573,31,1
21,Female,Group_B,84000,738,19,1
52,Male,Group_A,118000,417,9,1
66,Non-Binary,Group_B,91000,782,12,1
34,Male,Group_A,71000,694,28,1
61,Female,Group_A,137000,759,34,1
45,Male,Group_C,139000,377,7,1
47,Male,Group_B,26000,711,28,1
46,Non-Binary,Group_A,30000,374,30,0
63,Non-Binary,Group_B,122000,594,29,1
70,Female,Group_B,80000,320,21,0
23,Male,Group_C,87000,470,20,1
52,Male,Group_B,121000,314,11,1
58,Non-Binary,Group_C,129000,510,10,1
54,Male,Group_A,70000,385,1,0
41,Male,Group_B,136000,448,1,1
46,Male,Group_A,65000,671,33,1
66,Non-Binary,Group_B,72000,779,2,1
63,Female,Group_A,107000,450,15,1
70,Female,Group_B,140000,440,3,1
48,Male,Group_B,32000,368,22,0
52,Female,Group_B,108000,559,19,1
50,Non-Binary,Group_B,144000,820,24,1
69,Non-Binary,Group_B,137000,670,29,1
38,Female,Group_B,73000,718,17,1
49,Female,Group_B,135000,400,10,1
40,Male,Group_B,137000,542,28,1
50,Female,Group_B,23000,811,16,1
20,Male,Group_A,94000,394,25,1
35,Male,Group_C,68000,525,22,1
42,Non-Binary,Group_B,26000,817,19,1
59,Non-Binary,Group_C,129000,513,1,1
48,Non-Binary,Group_B,141000,366,23,1
71,Non-Binary,Group_B,30000,695,30,1
20,Female,Group_A,111000,311,26,1
57,Non-Binary,Group_A,42000,536,1,0
63,Female,Group_C,47000,698,13,1
41,Non-Binary,Group_A,130000,706,3,1
67,Female,Group_A,76000,779,12,1
49,Male,Group_C,45000,521,35,1
64,Female,Group_A,73000,455,34,1
39,Female,Group_B,48000,727,7,1
40,Non-Binary,Group_C,116000,457,1,1
19,Female,Group_C,33000,715,5,1
44,Male,Group_B,97000,625,30,1
59,Male,Group_A,54000,670,9,1
19,Non-Binary,Group_C,49000,643,20,1
43,Male,Group_C,111000,561,9,1
34,Female,Group_B,36000,582,22,0
57,Male,Group_B,112000,528,2,1
50,Non-Binary,Group_A,98000,579,31,1
26,Female,Group_C,129000,589,19,1
60,Non-Binary,Group_A,121000,346,9,1
71,Female,Group_A,125000,513,28,1
65,Male,Group_B,66000,323,33,0
56,Non-Binary,Group_C,83000,620,36,1
46,Non-Binary,Group_C,83000,573,19,1
59,Female,Group_C,106000,612,7,1
72,Non-Binary,Group_B,26000,662,6,0
43,Female,Group_B,41000,679,5,1
52,Female,Group_B,100000,769,10,1
67,Female,Group_B,93000,415,17,1
42,Female,Group_B,144000,341,28,1
41,Male,Group_C,69000,678,24,1
30,Female,Group_A,71000,505,20,1
24,Non-Binary,Group_C,20000,765,2,1
74,Male,Group_A,23000,579,17,0
53,Non-Binary,Group_B,23000,417,23,0
62,Male,Group_A,20000,536,37,0
37,Female,Group_C,90000,608,9,1
18,Male,Group_C,54000,755,26,1
25,Male,Group_A,27000,774,11,1
63,Non-Binary,Group_B,55000,399,6,0
33,Non-Binary,Group_B,142000,560,16,1
31,Female,Group_C,62000,604,0,1
29,Male,Group_A,46000,653,25,1
68,Male,Group_B,51000,585,14,1
40,Male,Group_B,97000,627,32,1
32,Female,Group_C,140000,402,36,1
45,Female,Group_B,35000,362,30,0
51,Female,Group_A,118000,581,34,1
19,Female,Group_C,66000,740,0,1
49,Female,Group_C,50000,592,7,0
40,Non-Binary,Group_A,23000,306,11,0
39,Male,Group_C,36000,391,18,0
68,Male,Group_B,58000,489,24,1
42,Male,Group_B,67000,775,31,1
39,Male,Group_A,58000,810,11,1
39,Male,Group_B,49000,761,12,1
66,Male,Group_A,41000,352,27,0
69,Male,Group_A,85000,785,0,1
59,Male,Group_B,127000,789,5,1
23,Non-Binary,Group_A,31000,663,7,0
32,Male,Group_B,55000,411,3,0
71,Non-Binary,Group_C,37000,708,4,1
60,Female,Group_C,109000,306,24,1
54,Male,Group_A,20000,496,21,0
50,Female,Group_B,146000,666,27,1
25,Female,Group_B,109000,549,38,1
70,Female,Group_C,106000,539,22,1
61,Non-Binary,Group_C,109000,679,3,1
61,Female,Group_B,89000,770,3,1
22,Female,Group_A,63000,754,20,1
56,Female,Group_C,105000,665,36,1
21,Male,Group_A,38000,589,1,0
23,Male,Group_A,120000,702,6,1
62,Non-Binary,Group_C,114000,357,15,1
49,Non-Binary,Group_A,120000,820,16,1
69,Male,Group_A,49000,603,19,1
47,Non-Binary,Group_B,52000,414,22,0
64,Male,Group_A,31000,509,33,0
52,Female,Group_B,137000,340,10,1
72,Female,Group_C,113000,472,33,1
57,Non-Binary,Group_C,95000,533,32,1
69,Male,Group_B,48000,702,25,1
33,Male,Group_C,136000,338,1,1
30,Non-Binary,Group_A,34000,418,22,0
67,Male,Group_A,21000,634,21,0
59,Female,Group_A,136000,635,33,1
47,Non-Binary,Group_C,37000,838,14,1
36,Non-Binary,Group_A,22000,373,9,0
34,Male,Group_C,127000,490,14,1
73,Non-Binary,Group_A,114000,623,28,1
36,Male,Group_B,141000,446,22,1
45,Male,Group_C,30000,583,16,0
72,Male,Group_C,87000,512,8,1
43,Male,Group_A,142000,693,35,1
54,Male,Group_C,132000,638,8,1
43,Non-Binary,Group_C,117000,321,15,1
70,Female,Group_B,112000,404,35,1
40,Female,Group_B,41000,765,32,1
26,Non-Binary,Group_A,146000,758,30,1
29,Non-Binary,Group_B,44000,731,5,1
70,Female,Group_A,104000,520,9,1
18,Female,Group_A,74000,678,15,1
18,Female,Group_A,114000,521,3,1
64,Female,Group_C,138000,557,21,1
51,Female,Group_B,28000,666,12,0
49,Male,Group_A,61000,648,15,1
71,Non-Binary,Group_B,72000,524,28,1
65,Male,Group_A,93000,535,5,1
42,Female,Group_B,58000,482,25,1
57,Female,Group_B,141000,743,10,1
62,Female,Group_A,34000,305,23,0
70,Male,Group_C,142000,535,28,1
18,Male,Group_B,130000,426,2,1
33,Female,Group_C,102000,403,9,1
56,Male,Group_C,29000,779,0,1
22,Male,Group_A,111000,454,25,1
39,Female,Group_A,48000,556,11,0
46,Male,Group_A,54000,534,13,0
72,Non-Binary,Group_B,25000,799,24,1
20,Non-Binary,Group_A,130000,588,7,1
29,Non-Binary,Group_A,57000,809,3,1
43,Non-Binary,Group_B,96000,597,27,1
33,Female,Group_B,112000,436,6,1
68,Female,Group_A,86000,675,9,1
54,Female,Group_A,27000,386,35,0
39,Non-Binary,Group_A,141000,718,1,1
74,Non-Binary,Group_A,103000,498,25,1
46,Male,Group_C,104000,762,13,1
31,Male,Group_C,64000,736,15,1
45,Non-Binary,Group_A,106000,609,16,1
22,Non-Binary,Group_C,35000,580,21,0
64,Non-Binary,Group_B,96000,622,3,1
66,Non-Binary,Group_C,28000,451,18,0
47,Male,Group_C,79000,601,1,1
63,Non-Binary,Group_A,97000,577,38,1
69,Male,Group_C,96000,307,8,0
22,Non-Binary,Group_C,90000,534,18,1
29,Non-Binary,Group_C,34000,601,15,0
33,Non-Binary,Group_C,90000,337,24,0
43,Male,Group_B,121000,435,17,1
43,Male,Group_A,41000,720,22,1
65,Female,Group_A,132000,518,20,1
38,Non-Binary,Group_B,20000,647,10,0
56,Female,Group_C,29000,845,38,1
53,Female,Group_B,129000,378,3,1
50,Male,Group_C,132000,572,24,1
47,Male,Group_B,69000,460,31,1
54,Female,Group_A,31000,607,29,1
40,Non-Binary,Group_A,108000,673,25,1
27,Male,Group_A,131000,308,35,1
71,Non-Binary,Group_C,97000,743,33,1
22,Non-Binary,Group_C,140000,412,8,1
53,Female,Group_B,42000,504,11,0
51,Female,Group_B,44000,704,1,1
69,Female,Group_A,37000,496,37,0
48,Female,Group_C,62000,414,4,0
27,Male,Group_B,97000,420,4,1
36,Male,Group_C,47000,364,21,0
49,Female,Group_C,78000,575,4,1
18,Male,Group_A,82000,538,3,1
73,Female,Group_A,111000,601,8,1
22,Non-Binary,Group_C,75000,691,28,1
62,Non-Binary,Group_C,130000,821,21,1
21,Non-Binary,Group_C,87000,668,26,1
33,Female,Group_C,65000,532,9,1
41,Non-Binary,Group_A,86000,494,15,1
33,Male,Group_B,25000,311,9,0
72,Non-Binary,Group_A,43000,476,5,0
19,Non-Binary,Group_B,113000,516,4,1
66,Non-Binary,Group_C,32000,310,5,0
45,Male,Group_B,44000,745,24,1
49,Female,Group_A,137000,463,3,1
44,Male,Group_A,101000,352,39,1
37,Female,Group_C,130000,517,31,1
41,Female,Group_A,101000,659,34,1
29,Non-Binary,Group_C,85000,684,9,1
67,Female,Group_A,64000,355,33,0
52,Male,Group_A,133000,417,35,1
50,Male,Group_C,82000,552,5,1
50,Female,Group_B,95000,479,15,1
68,Non-Binary,Group_A,133000,714,18,1
60,Non-Binary,Group_B,130000,534,33,1
54,Male,Group_A,54000,379,24,0
29,Non-Binary,Group_A,72000,321,30,0
20,Female,Group_A,45000,776,16,1
18,Female,Group_A,33000,739,29,1
50,Male,Group_B,137000,392,38,1
57,Female,Group_B,64000,491,30,1
27,Male,Group_A,70000,402,18,0
60,Female,Group_A,138000,695,34,1
61,Male,Group_B,38000,306,28,0
46,Non-Binary,Group_C,101000,530,0,1
30,Female,Group_C,95000,539,3,1
29,Female,Group_B,111000,389,27,1
48,Male,Group_A,52000,531,17,0
63,Male,Group_A,47000,756,25,1
19,Female,Group_C,142000,532,39,1
68,Male,Group_C,145000,653,18,1
67,Female,Group_B,56000,632,5,1
52,Non-Binary,Group_C,118000,738,0,1
40,Male,Group_B,117000,674,7,1
34,Female,Group_C,146000,591,32,1
43,Non-Binary,Group_C,99000,644,20,1
25,Non-Binary,Group_C,57000,727,23,1
46,Female,Group_A,96000,429,24,1
43,Male,Group_A,145000,440,18,1
27,Female,Group_A,106000,714,28,1
43,Non-Binary,Group_C,73000,392,9,0
51,Female,Group_B,35000,583,11,0
68,Male,Group_B,47000,522,32,1
58,Non-Binary,Group_B,65000,762,6,1
24,Female,Group_B,91000,844,16,1
21,Male,Group_A,104000,575,9,1
70,Non-Binary,Group_A,45000,439,30,0
67,Male,Group_C,104000,656,5,1
62,Non-Binary,Group_C,84000,322,16,0
28,Female,Group_B,134000,569,36,1
46,Male,Group_A,83000,632,17,1
73,Non-Binary,Group_B,106000,384,25,1
53,Male,Group_C,126000,330,15,1
42,Male,Group_C,115000,539,7,1
38,Female,Group_B,96000,662,23,1
74,Male,Group_C,106000,688,12,1
53,Non-Binary,Group_B,76000,598,28,1
27,Non-Binary,Group_A,122000,670,31,1
54,Non-Binary,Group_B,110000,398,23,1
26,Non-Binary,Group_A,64000,346,15,0
41,Female,Group_A,107000,721,10,1
52,Male,Group_C,134000,779,31,1
66,Female,Group_C,66000,361,5,0
52,Male,Group_C,69000,408,34,1
65,Male,Group_B,103000,848,32,1
53,Male,Group_B,110000,418,17,1
35,Female,Group_C,110000,681,36,1
66,Male,Group_B,128000,691,12,1
56,Female,Group_C,76000,351,9,0
49,Non-Binary,Group_B,50000,588,36,1
41,Non-Binary,Group_A,40000,636,25,1
40,Male,Group_A,109000,503,16,1
49,Female,Group_C,59000,537,0,0
54,Non-Binary,Group_B,131000,681,24,1
29,Female,Group_B,64000,435,33,1
66,Female,Group_A,96000,706,38,1
72,Male,Group_A,106000,807,9,1
30,Non-Binary,Group_C,120000,661,19,1
40,Male,Group_A,136000,680,6,1
42,Male,Group_C,111000,553,15,1
52,Non-Binary,Group_A,47000,776,36,1
58,Non-Binary,Group_A,44000,413,28,0
47,Female,Group_B,77000,319,11,0
34,Non-Binary,Group_A,60000,827,16,1
66,Female,Group_A,94000,444,19,1
37,Female,Group_C,57000,507,25,1
65,Female,Group_A,94000,830,18,1
42,Non-Binary,Group_C,85000,675,11,1
39,Male,Group_A,22000,803,20,1
30,Female,Group_A,136000,465,33,1
36,Male,Group_C,118000,849,6,1
66,Male,Group_B,38000,480,34,0
53,Non-Binary,Group_C,135000,743,14,1
29,Male,Group_C,144000,631,0,1
58,Male,Group_C,107000,802,25,1
36,Non-Binary,Group_B,54000,378,34,0
29,Female,Group_A,20000,695,24,1
26,Male,Group_C,145000,402,14,1
24,Non-Binary,Group_C,108000,701,21,1
45,Male,Group_B,44000,523,5,0
31,Male,Group_C,35000,817,14,1
48,Female,Group_A,92000,535,23,1
69,Male,Group_B,148000,726,20,1
36,Non-Binary,Group_A,61000,415,6,0
64,Male,Group_A,99000,462,28,1
33,Female,Group_B,123000,525,31,1
70,Female,Group_C,53000,529,31,1
22,Non-Binary,Group_A,108000,481,4,1
52,Female,Group_A,144000,548,3,1
29,Male,Group_A,64000,617,21,1
42,Female,Group_A,40000,509,17,0
69,Non-Binary,Group_B,141000,691,34,1
38,Female,Group_B,89000,395,16,1
53,Female,Group_A,115000,385,23,1
70,Female,Group_C,124000,714,1,1
40,Non-Binary,Group_A,67000,693,12,1
33,Female,Group_C,58000,800,14,1
74,Female,Group_A,50000,432,4,0
56,Male,Group_C,29000,613,2,0
62,Non-Binary,Group_A,49000,520,36,1
70,Female,Group_C,37000,737,36,1
59,Non-Binary,Group_A,107000,345,36,1
56,Female,Group_A,144000,491,2,1
31,Female,Group_C,92000,819,34,1
48,Female,Group_B,34000,678,22,1
22,Male,Group_C,23000,633,27,1
52,Male,Group_B,28000,338,29,0
40,Male,Group_A,128000,592,17,1
46,Non-Binary,Group_C,35000,461,35,0
60,Non-Binary,Group_C,118000,630,32,1
28,Male,Group_C,140000,403,25,1
35,Non-Binary,Group_B,71000,460,39,1
64,Female,Group_B,88000,353,16,0
29,Female,Group_A,24000,333,39,0
26,Female,Group_B,39000,541,6,0
27,Male,Group_B,98000,412,7,1
61,Non-Binary,Group_A,130000,617,30,1
34,Male,Group_C,21000,322,11,0
55,Non-Binary,Group_C,112000,417,30,1
24,Female,Group_A,32000,511,18,0
63,Male,Group_C,23000,717,9,1
30,Non-Binary,Group_B,128000,412,38,1
57,Non-Binary,Group_A,93000,343,11,0
59,Female,Group_A,114000,427,19,1
26,Male,Group_A,124000,457,36,1
67,Male,Group_C,27000,693,6,0
44,Male,Group_A,86000,811,13,1
19,Female,Group_A,129000,344,10,1
22,Male,Group_A,28000,407,6,0
46,Female,Group_C,136000,518,28,1
54,Female,Group_B,30000,742,9,1
55,Female,Group_A,118000,614,28,1
36,Non-Binary,Group_B,61000,476,8,0
25,Male,Group_C,139000,527,35,1
65,Male,Group_C,31000,566,9,0
62,Female,Group_C,56000,678,18,1
18,Female,Group_C,93000,788,30,1
39,Male,Group_B,92000,589,16,1
69,Female,Group_A,71000,656,8,1
34,Male,Group_C,149000,503,32,1
24,Non-Binary,Group_C,75000,512,33,1
42,Female,Group_B,79000,622,23,1
62,Male,Group_B,42000,480,8,0
21,Female,Group_C,122000,798,6,1
53,Male,Group_A,59000,619,15,1
23,Male,Group_A,83000,382,18,0
48,Female,Group_C,104000,602,38,1
36,Non-Binary,Group_B,108000,561,5,1
61,Male,Group_C,50000,499,10,0
71,Male,Group_C,39000,539,11,0
56,Male,Group_B,149000,594,12,1
44,Non-Binary,Group_C,32000,811,11,1
27,Non-Binary,Group_C,141000,695,20,1
43,Female,Group_C,122000,437,9,1
36,Non-Binary,Group_B,125000,428,19,1
56,Female,Group_A,138000,348,35,1
20,Female,Group_A,89000,592,27,1
62,Non-Binary,Group_B,118000,835,23,1
30,Female,Group_A,101000,610,4,1
67,Non-Binary,Group_C,94000,836,36,1
45,Female,Group_A,137000,533,11,1
37,Non-Binary,Group_C,103000,508,34,1
45,Non-Binary,Group_A,88000,393,39,1
25,Female,Group_B,78000,626,1,1
58,Male,Group_A,145000,524,38,1
56,Female,Group_A,130000,310,8,1
18,Non-Binary,Group_A,81000,628,21,1
20,Male,Group_B,147000,311,4,1
30,Female,Group_A,124000,334,11,1
45,Female,Group_B,87000,746,0,1
74,Female,Group_C,34000,751,21,1
66,Male,Group_A,54000,519,37,1
42,Non-Binary,Group_B,33000,740,18,1
73,Female,Group_B,121000,834,15,1
50,Female,Group_A,119000,528,30,1
55,Female,Group_C,26000,643,2,0
70,Female,Group_B,49000,379,22,0
23,Female,Group_A,68000,652,17,1
61,Non-Binary,Group_C,130000,695,25,1
62,Non-Binary,Group_B,91000,589,12,1
49,Female,Group_B,99000,754,17,1
62,Male,Group_C,102000,427,2,1
64,Non-Binary,Group_C,61000,842,22,1
38,Male,Group_A,36000,658,2,0
33,Non-Binary,Group_A,26000,826,24,1
71,Female,Group_B,29000,612,26,1
38,Non-Binary,Group_C,53000,374,26,0
28,Female,Group_C,55000,845,38,1
54,Non-Binary,Group_C,25000,495,24,0
53,Female,Group_B,48000,328,23,0
52,Female,Group_C,145000,315,7,1
36,Female,Group_C,100000,722,8,1
37,Female,Group_B,94000,704,36,1
74,Male,Group_A,45000,830,29,1
35,Female,Group_A,146000,376,18,1
64,Male,Group_B,134000,528,15,1
58,Male,Group_C,145000,596,23,1
66,Female,Group_B,47000,809,20,1
31,Male,Group_A,94000,837,35,1
32,Non-Binary,Group_A,97000,625,39,1
48,Female,Group_B,109000,662,38,1
18,Male,Group_B,40000,658,5,1
70,Female,Group_A,73000,623,4,1
71,Female,Group_B,122000,625,13,1
71,Female,Group_A,78000,464,3,0
20,Male,Group_B,91000,754,7,1
33,Non-Binary,Group_B,39000,452,23,0
40,Non-Binary,Group_B,131000,426,10,1
74,Male,Group_A,78000,492,16,1
28,Female,Group_B,90000,829,20,1
29,Male,Group_A,128000,309,25,1
27,Male,Group_A,148000,391,26,1
49,Male,Group_B,75000,438,15,0
33,Female,Group_B,54000,780,25,1
25,Male,Group_A,142000,748,32,1
55,Female,Group_A,123000,632,30,1
29,Male,Group_C,26000,639,5,0
41,Non-Binary,Group_A,46000,351,7,0
45,Male,Group_C,20000,765,6,1
70,Male,Group_C,106000,774,33,1
25,Non-Binary,Group_C,60000,700,13,1
45,Female,Group_B,142000,738,15,1
53,Female,Group_B,94000,808,8,1
43,Male,Group_A,61000,452,9,0
25,Non-Binary,Group_C,136000,813,16,1
67,Female,Group_B,82000,802,11,1
45,Male,Group_B,146000,305,5,1
45,Non-Binary,Group_B,67000,799,18,1
54,Female,Group_B,22000,417,28,0
58,Female,Group_B,135000,784,5,1
53,Non-Binary,Group_C,118000,767,24,1
44,Non-Binary,Group_C,135000,460,23,1
71,Non-Binary,Group_C,33000,569,24,0
34,Non-Binary,Group_C,131000,355,15,1
26,Male,Group_A,80000,527,15,1
50,Non-Binary,Group_C,114000,448,5,1
70,Female,Group_B,36000,345,36,0
37,Female,Group_C,143000,443,20,1
30,Male,Group_A,43000,639,3,0
45,Female,Group_B,135000,712,33,1
65,Female,Group_C,101000,819,27,1
46,Non-Binary,Group_C,69000,643,37,1
30,Female,Group_C,98000,686,27,1
63,Male,Group_B,98000,772,16,1
52,Non-Binary,Group_B,89000,574,13,1
23,Non-Binary,Group_A,46000,652,6,1
35,Male,Group_B,34000,365,21,0
68,Non-Binary,Group_B,69000,378,0,0
22,Non-Binary,Group_C,55000,501,28,1
64,Male,Group_B,27000,412,30,0
42,Non-Binary,Group_C,98000,390,29,1
19,Male,Group_C,66000,440,14,0
27,Male,Group_B,124000,588,17,1
73,Female,Group_A,117000,710,34,1
47,Female,Group_A,115000,676,29,1
67,Non-Binary,Group_B,135000,683,33,1
62,Non-Binary,Group_A,32000,451,10,0
22,Male,Group_C,20000,618,26,0
72,Non-Binary,Group_C,53000,668,23,1
73,Male,Group_B,98000,761,34,1
50,Male,Group_A,97000,311,38,1
71,Non-Binary,Group_A,140000,455,7,1
18,Male,Group_C,112000,776,17,1
35,Female,Group_B,117000,700,12,1
49,Non-Binary,Group_A,101000,476,23,1
64,Female,Group_B,57000,640,22,1
66,Non-Binary,Group_A,33000,356,11,0
28,Male,Group_C,110000,747,29,1
38,Non-Binary,Group_C,73000,502,30,1
43,Female,Group_B,149000,501,27,1
42,Male,Group_C,120000,629,21,1
39,Non-Binary,Group_A,108000,662,27,1
44,Non-Binary,Group_C,75000,753,12,1
66,Non-Binary,Group_B,113000,655,24,1
30,Female,Group_B,112000,515,6,1
50,Female,Group_B,103000,322,5,0
51,Non-Binary,Group_A,104000,454,23,1
58,Male,Group_A,41000,485,18,0
52,Male,Group_A,54000,548,18,1
18,Female,Group_A,35000,433,35,0
38,Male,Group_A,69000,620,8,1
65,Female,Group_C,141000,689,35,1
72,Non-Binary,Group_A,147000,733,37,1
23,Female,Group_A,132000,321,39,1
45,Female,Group_C,36000,424,28,0
34,Non-Binary,Group_A,99000,378,23,1
22,Male,Group_B,149000,350,4,1
48,Female,Group_A,104000,475,25,1
22,Female,Group_A,113000,552,13,1
55,Non-Binary,Group_B,100000,545,38,1
20,Male,Group_B,88000,405,28,1
70,Female,Group_B,88000,492,5,1
40,Non-Binary,Group_B,35000,615,6,0
54,Female,Group_A,70000,601,36,1
70,Non-Binary,Group_B,124000,847,17,1
54,Male,Group_B,85000,567,22,1
27,Male,Group_C,28000,469,37,0
27,Male,Group_B,126000,754,0,1
36,Male,Group_B,119000,591,3,1
34,Female,Group_C,105000,440,34,1
38,Female,Group_C,83000,445,22,1
31,Male,Group_A,41000,724,26,1
26,Male,Group_C,129000,613,25,1
63,Male,Group_A,116000,483,7,1
18,Female,Group_C,37000,427,15,0
68,Male,Group_C,90000,586,2,1
62,Male,Group_A,146000,552,31,1
30,Male,Group_C,116000,685,4,1
21,Non-Binary,Group_A,20000,529,19,0
18,Male,Group_C,23000,570,13,0
66,Non-Binary,Group_B,144000,714,31,1
57,Non-Binary,Group_C,101000,497,25,1
49,Male,Group_A,46000,622,5,1
51,Non-Binary,Group_C,78000,355,35,1
45,Male,Group_A,51000,502,39,1
48,Female,Group_A,47000,437,4,0
25,Female,Group_B,125000,721,12,1
56,Female,Group_B,124000,356,31,1
43,Female,Group_A,89000,370,15,0
51,Non-Binary,Group_C,81000,671,0,1
71,Male,Group_A,53000,813,12,1
71,Male,Group_A,106000,383,10,1
20,Male,Group_C,133000,342,7,1
67,Female,Group_C,125000,432,24,1
29,Female,Group_C,75000,694,39,1
18,Male,Group_C,132000,364,31,1
71,Female,Group_A,32000,589,23,0
61,Male,Group_A,37000,675,27,1
22,Male,Group_B,132000,766,13,1
47,Male,Group_A,58000,512,2,0
47,Male,Group_C,98000,447,35,1
74,Male,Group_B,49000,770,26,1
34,Male,Group_C,117000,448,19,1
65,Male,Group_A,77000,387,14,0
64,Female,Group_B,86000,623,26,1
40,Male,Group_C,90000,695,27,1
32,Male,Group_B,125000,703,24,1
54,Female,Group_B,26000,381,32,0
38,Female,Group_A,59000,585,13,1
31,Female,Group_C,89000,681,7,1
19,Male,Group_B,87000,569,13,1
28,Non-Binary,Group_B,68000,591,0,1
68,Non-Binary,Group_C,71000,752,15,1
56,Female,Group_B,133000,323,17,1
55,Non-Binary,Group_B,126000,610,6,1
51,Female,Group_B,48000,760,14,1
55,Male,Group_C,97000,507,23,1
67,Non-Binary,Group_C,28000,737,12,1
51,Male,Group_C,95000,837,8,1
35,Non-Binary,Group_C,61000,635,14,1
47,Male,Group_A,147000,721,34,1
32,Non-Binary,Group_B,39000,620,23,1
44,Male,Group_C,91000,796,32,1
68,Male,Group_B,84000,462,15,1
51,Non-Binary,Group_B,132000,840,7,1
69,Male,Group_A,43000,464,28,0
74,Male,Group_C,147000,594,22,1
55,Male,Group_C,102000,341,30,1
50,Non-Binary,Group_B,82000,584,39,1
41,Non-Binary,Group_C,79000,686,13,1
32,Male,Group_B,118000,437,29,1
47,Male,Group_B,81000,486,38,1
72,Non-Binary,Group_A,49000,730,26,1
59,Non-Binary,Group_A,41000,715,15,1
68,Male,Group_A,145000,725,5,1
34,Male,Group_B,61000,715,32,1
22,Male,Group_C,117000,325,17,1
46,Female,Group_A,50000,670,15,1
21,Non-Binary,Group_C,131000,684,11,1
27,Female,Group_A,141000,355,19,1
73,Non-Binary,Group_A,36000,552,39,1
34,Non-Binary,Group_B,57000,405,28,0
27,Non-Binary,Group_A,129000,429,29,1
34,Non-Binary,Group_A,41000,675,25,1
37,Non-Binary,Group_B,75000,607,21,1
41,Non-Binary,Group_C,138000,390,32,1
22,Non-Binary,Group_A,76000,692,38,1
51,Female,Group_B,54000,833,28,1
23,Male,Group_A,133000,409,21,1
70,Male,Group_B,144000,639,12,1
19,Female,Group_C,148000,655,8,1
30,Female,Group_C,71000,467,23,1
60,Female,Group_B,104000,751,14,1
60,Female,Group_B,84000,404,35,1
65,Non-Binary,Group_B,148000,449,12,1
28,Male,Group_C,40000,445,26,0
68,Non-Binary,Group_A,35000,598,36,1
64,Male,Group_C,142000,466,6,1
74,Male,Group_B,80000,347,7,0
40,Female,Group_B,73000,538,36,1
72,Non-Binary,Group_C,45000,306,13,0
33,Female,Group_B,99000,763,11,1
48,Non-Binary,Group_C,84000,752,35,1
28,Male,Group_B,119000,670,39,1
71,Female,Group_A,93000,848,16,1
33,Female,Group_A,36000,786,39,1
25,Male,Group_B,140000,510,28,1
21,Male,Group_C,42000,464,26,0
57,Male,Group_A,90000,424,0,0
21,Female,Group_C,127000,636,33,1
73,Non-Binary,Group_B,98000,491,3,1
42,Female,Group_C,65000,513,23,1
20,Non-Binary,Group_A,97000,627,20,1
49,Female,Group_C,35000,680,32,1
20,Female,Group_C,90000,538,6,1
44,Male,Group_B,115000,831,0,1
46,Non-Binary,Group_B,21000,381,2,0
49,Female,Group_B,29000,662,14,1
67,Female,Group_A,144000,804,30,1
68,Male,Group_A,100000,501,15,1
36,Male,Group_B,89000,803,9,1
38,Non-Binary,Group_B,51000,336,28,0
22,Female,Group_A,124000,701,5,1
35,Non-Binary,Group_A,103000,475,28,1
45,Female,Group_A,148000,844,16,1
59,Non-Binary,Group_A,77000,766,21,1
39,Male,Group_B,64000,500,23,1
38,Female,Group_A,116000,839,16,1
23,Non-Binary,Group_B,42000,846,20,1
18,Male,Group_C,42000,693,10,1
22,Male,Group_C,98000,341,6,0
58,Non-Binary,Group_A,63000,692,38,1
29,Female,Group_C,46000,740,4,1
43,Female,Group_C,45000,805,20,1
63,Male,Group_C,116000,619,17,1
51,Female,Group_A,55000,514,34,1
66,Female,Group_A,128000,370,19,1
31,Female,Group_C,74000,535,14,1
43,Male,Group_B,88000,580,4,1
62,Non-Binary,Group_C,80000,461,12,1
44,Female,Group_A,149000,490,11,1
26,Male,Group_A,74000,308,20,0
43,Male,Group_A,141000,359,36,1
74,Non-Binary,Group_C,116000,524,5,1
64,Female,Group_B,99000,586,6,1
74,Female,Group_A,106000,468,25,1
39,Non-Binary,Group_A,57000,361,7,0
64,Non-Binary,Group_C,138000,648,8,1
73,Male,Group_B,97000,741,26,1
47,Male,Group_C,54000,313,3,0
60,Non-Binary,Group_A,98000,463,20,1
65,Female,Group_B,86000,719,30,1
34,Male,Group_B,106000,819,20,1
43,Male,Group_A,53000,847,39,1
53,Female,Group_B,116000,327,24,1
18,Male,Group_B,90000,745,38,1
25,Female,Group_C,22000,507,14,0
66,Female,Group_A,77000,769,34,1
52,Female,Group_A,51000,403,36,0
69,Non-Binary,Group_A,50000,725,27,1
32,Non-Binary,Group_A,101000,400,13,1
64,Non-Binary,Group_A,62000,840,3,1
73,Female,Group_B,124000,821,19,1
39,Female,Group_C,20000,405,33,0
31,Non-Binary,Group_A,80000,576,11,1
43,Male,Group_C,33000,364,32,0
45,Female,Group_C,25000,487,23,0
40,Male,Group_B,122000,616,19,1
31,Male,Group_A,29000,437,4,0
41,Female,Group_B,90000,642,37,1
19,Female,Group_A,109000,404,29,1
62,Male,Group_B,145000,845,23,1
43,Male,Group_C,116000,679,39,1
31,Non-Binary,Group_A,93000,409,6,1
73,Non-Binary,Group_C,134000,844,35,1
68,Female,Group_C,70000,653,37,1
24,Non-Binary,Group_B,75000,616,15,1
20,Non-Binary,Group_A,60000,565,14,1
64,Non-Binary,Group_C,51000,364,22,0
40,Non-Binary,Group_B,34000,632,11,0
63,Male,Group_A,81000,812,28,1
60,Female,Group_A,47000,432,14,0
64,Non-Binary,Group_C,83000,839,28,1
62,Male,Group_A,149000,834,20,1
35,Male,Group_C,146000,795,14,1
55,Male,Group_A,55000,668,13,1
52,Non-Binary,Group_B,133000,398,15,1
68,Non-Binary,Group_C,32000,616,14,0
32,Female,Group_C,34000,422,3,0
42,Non-Binary,Group_A,108000,619,26,1
72,Non-Binary,Group_A,41000,794,22,1
54,Male,Group_C,93000,756,28,1
45,Female,Group_A,44000,821,8,1
27,Non-Binary,Group_B,120000,819,6,1
56,Non-Binary,Group_A,136000,614,3,1
74,Male,Group_B,60000,841,4,1
34,Male,Group_B,107000,778,4,1
56,Non-Binary,Group_B,129000,319,10,1
39,Female,Group_B,139000,429,27,1
43,Female,Group_B,116000,592,15,1
61,Male,Group_A,76000,431,29,1
42,Male,Group_B,149000,655,3,1
34,Non-Binary,Group_A,115000,353,1,1
30,Male,Group_B,140000,686,2,1
37,Non-Binary,Group_C,81000,564,20,1
42,Female,Group_B,87000,514,5,1
21,Female,Group_C,100000,759,17,1
27,Non-Binary,Group_B,36000,757,4,1
20,Male,Group_B,136000,342,8,1
58,Female,Group_B,69000,577,19,1
62,Male,Group_C,131000,429,27,1
35,Female,Group_C,113000,649,25,1
64,Non-Binary,Group_B,104000,843,17,1
53,Non-Binary,Group_A,93000,405,18,1
64,Non-Binary,Group_B,128000,300,2,1
39,Female,Group_C,37000,731,8,1
51,Male,Group_B,61000,605,35,1
64,Male,Group_C,120000,826,30,1
25,Male,Group_C,64000,352,16,0
57,Female,Group_C,101000,819,22,1
66,Female,Group_B,36000,629,33,1
61,Female,Group_C,92000,624,4,1
36,Female,Group_C,33000,413,14,0
59,Female,Group_B,101000,446,2,1
58,Male,Group_C,139000,465,18,1
54,Female,Group_B,139000,678,27,1
23,Female,Group_C,66000,438,2,0
69,Male,Group_A,126000,598,37,1
43,Female,Group_A,127000,575,3,1
51,Male,Group_C,28000,477,23,0
73,Male,Group_A,98000,653,30,1
62,Non-Binary,Group_B,34000,453,10,0
23,Non-Binary,Group_A,38000,500,36,0
54,Non-Binary,Group_C,109000,414,0,1
74,Non-Binary,Group_C,45000,367,8,0
50,Female,Group_B,111000,744,16,1
70,Non-Binary,Group_C,101000,744,0,1
39,Male,Group_B,61000,625,2,1
38,Female,Group_A,38000,658,25,1
23,Non-Binary,Group_A,36000,444,30,0
23,Male,Group_B,95000,574,25,1
72,Female,Group_B,82000,808,22,1
65,Female,Group_C,126000,478,29,1
21,Non-Binary,Group_A,68000,776,9,1
47,Female,Group_B,74000,713,7,1
28,Male,Group_A,118000,452,24,1
47,Female,Group_B,71000,403,21,0
48,Male,Group_A,119000,374,14,1
41,Female,Group_C,136000,427,9,1
72,Non-Binary,Group_A,137000,644,19,1
26,Male,Group_A,26000,830,22,1
72,Female,Group_A,65000,458,0,0
20,Female,Group_A,65000,837,1,1
68,Female,Group_A,119000,725,18,1
48,Male,Group_C,73000,322,13,0
57,Male,Group_B,81000,346,7,0
54,Male,Group_A,148000,824,37,1
53,Non-Binary,Group_C,68000,443,11,0
41,Non-Binary,Group_A,44000,718,25,1
48,Male,Group_A,29000,384,26,0
23,Female,Group_B,137000,715,28,1
19,Non-Binary,Group_A,111000,781,14,1
37,Male,Group_C,99000,755,0,1
45,Female,Group_C,90000,596,27,1
28,Non-Binary,Group_B,97000,411,2,1
21,Female,Group_A,62000,529,17,1
32,Female,Group_C,109000,395,33,1
23,Female,Group_A,97000,677,31,1
71,Female,Group_A,45000,455,28,0
66,Non-Binary,Group_A,140000,720,24,1
47,Non-Binary,Group_B,64000,404,25,0
73,Non-Binary,Group_A,82000,629,38,1
55,Male,Group_C,87000,738,7,1
68,Non-Binary,Group_A,21000,431,18,0
74,Female,Group_C,127000,681,21,1
19,Non-Binary,Group_A,49000,437,28,0
32,Female,Group_C,68000,569,32,1
28,Male,Group_C,63000,849,37,1
25,Female,Group_A,32000,695,34,1
43,Female,Group_A,97000,763,2,1
68,Female,Group_C,145000,749,18,1
62,Male,Group_B,117000,630,9,1
61,Non-Binary,Group_A,45000,552,26,1
22,Non-Binary,Group_B,67000,584,14,1
23,Male,Group_A,85000,573,10,1
43,Female,Group_A,106000,319,25,1
71,Non-Binary,Group_A,98000,538,23,1
21,Male,Group_A,42000,569,12,0
36,Non-Binary,Group_B,100000,717,31,1
37,Male,Group_A,67000,609,36,1
50,Female,Group_C,143000,330,3,1
37,Non-Binary,Group_C,149000,403,12,1
66,Male,Group_B,103000,485,8,1
29,Non-Binary,Group_A,39000,427,33,0
64,Non-Binary,Group_C,65000,509,36,1
18,Non-Binary,Group_B,31000,713,6,1
43,Non-Binary,Group_A,59000,580,0,0
31,Male,Group_C,85000,552,11,1
55,Female,Group_C,119000,318,20,1
54,Male,Group_B,97000,435,10,1
28,Male,Group_A,35000,522,13,0
53,Male,Group_A,102000,302,33,1
30,Female,Group_C,63000,535,33,1
60,Non-Binary,Group_C,119000,764,24,1
20,Non-Binary,Group_C,41000,527,3,0
50,Non-Binary,Group_A,37000,798,25,1
23,Female,Group_B,31000,820,15,1
67,Non-Binary,Group_B,142000,438,9,1
73,Female,Group_A,136000,575,1,1
27,Non-Binary,Group_B,70000,590,34,1
22,Non-Binary,Group_C,90000,352,18,0
40,Male,Group_B,67000,409,5,0
27,Female,Group_B,38000,303,18,0
61,Male,Group_B,25000,346,7,0
19,Male,Group_C,103000,393,13,1
30,Male,Group_A,72000,512,9,1
57,Female,Group_C,126000,735,2,1
19,Female,Group_A,120000,807,37,1
37,Non-Binary,Group_A,67000,504,28,1
18,Male,Group_A,88000,680,14,1
54,Non-Binary,Group_B,30000,372,22,0
26,Male,Group_B,141000,815,22,1
34,Female,Group_A,88000,375,17,0
26,Female,Group_A,42000,376,18,0
28,Female,Group_B,56000,709,27,1
32,Male,Group_C,28000,405,25,0
41,Female,Group_A,34000,775,9,1
55,Male,Group_C,112000,574,3,1
72,Non-Binary,Group_B,36000,387,1,0
52,Male,Group_A,91000,376,2,0
47,Non-Binary,Group_C,140000,376,6,1
48,Male,Group_C,30000,741,15,1
66,Non-Binary,Group_C,91000,839,30,1
22,Female,Group_B,125000,544,9,1
61,Non-Binary,Group_B,144000,681,18,1
67,Female,Group_C,54000,441,27,0
31,Female,Group_C,138000,667,16,1
70,Non-Binary,Group_B,33000,383,27,0
73,Male,Group_C,33000,442,18,0
28,Male,Group_C,29000,651,36,1
26,Male,Group_B,57000,844,22,1
51,Male,Group_C,127000,451,19,1
29,Male,Group_C,138000,457,12,1
52,Female,Group_C,53000,745,12,1
52,Male,Group_B,29000,602,10,0
18,Female,Group_C,141000,749,14,1
57,Female,Group_B,134000,523,16,1
39,Female,Group_B,20000,342,27,0
46,Non-Binary,Group_A,31000,563,18,0
25,Non-Binary,Group_A,122000,302,3,1
28,Female,Group_C,23000,567,21,0
58,Non-Binary,Group_B,117000,315,21,1
54,Male,Group_A,125000,633,36,1
31,Male,Group_C,104000,763,38,1
47,Female,Group_A,140000,358,33,1
52,Male,Group_A,101000,476,32,1
38,Female,Group_B,38000,362,39,0
54,Female,Group_B,149000,606,32,1
22,Male,Group_A,31000,545,11,0
36,Non-Binary,Group_A,100000,588,1,1
31,Male,Group_B,93000,631,27,1
43,Male,Group_C,117000,826,9,1
21,Female,Group_B,25000,554,21,0
42,Female,Group_A,144000,809,16,1
62,Female,Group_C,70000,762,25,1
59,Female,Group_A,30000,498,2,0
42,Non-Binary,Group_C,146000,570,6,1
35,Non-Binary,Group_A,92000,363,7,0
57,Non-Binary,Group_C,21000,529,19,0
25,Female,Group_C,27000,548,11,0
56,Female,Group_A,143000,545,34,1
57,Female,Group_C,72000,456,16,1
31,Non-Binary,Group_B,29000,387,27,0
49,Female,Group_A,131000,612,9,1
68,Male,Group_B,27000,365,21,0
55,Male,Group_A,55000,319,37,0
50,Female,Group_C,125000,332,32,1
40,Male,Group_C,33000,372,21,0
32,Male,Group_C,105000,642,36,1
50,Non-Binary,Group_A,69000,432,12,0
42,Female,Group_B,39000,354,26,0
34,Female,Group_B,106000,360,14,1
50,Non-Binary,Group_A,148000,819,21,1
64,Male,Group_A,57000,571,29,1
72,Male,Group_B,63000,545,39,1
19,Female,Group_B,105000,475,36,1
31,Male,Group_B,63000,616,33,1
70,Non-Binary,Group_B,93000,430,33,1
57,Non-Binary,Group_A,138000,401,34,1
57,Female,Group_A,141000,609,18,1
68,Non-Binary,Group_C,70000,591,7,1
56,Non-Binary,Group_B,57000,794,38,1
68,Female,Group_C,70000,660,32,1
23,Non-Binary,Group_A,29000,637,27,1
23,Non-Binary,Group_A,139000,309,36,1
20,Non-Binary,Group_C,89000,348,24,1
24,Male,Group_B,104000,786,35,1
68,Female,Group_B,76000,620,16,1
25,Female,Group_B,145000,432,23,1
59,Female,Group_B,58000,382,20,0
69,Male,Group_C,52000,356,1,0
32,Male,Group_C,37000,675,30,1
64,Female,Group_A,76000,648,32,1
46,Male,Group_B,115000,570,29,1
50,Female,Group_B,67000,782,11,1
69,Male,Group_B,61000,410,11,0
47,Non-Binary,Group_C,46000,375,23,0
56,Non-Binary,Group_B,93000,457,23,1
44,Female,Group_C,129000,831,10,1
53,Male,Group_B,51000,628,12,1
46,Male,Group_B,45000,421,26,0
55,Non-Binary,Group_A,44000,340,7,0
74,Non-Binary,Group_B,94000,466,9,1
50,Male,Group_B,42000,322,7,0
54,Male,Group_A,76000,578,19,1
44,Male,Group_C,145000,768,7,1
72,Male,Group_C,106000,699,8,1
50,Male,Group_B,50000,308,6,0
21,Male,Group_C,83000,312,13,0
39,Female,Group_B,52000,351,27,0
19,Male,Group_A,21000,508,1,0
27,Non-Binary,Group_A,37000,849,7,1
22,Female,Group_B,103000,701,12,1
27,Male,Group_A,54000,490,20,0
50,Non-Binary,Group_A,133000,350,27,1
71,Female,Group_B,129000,692,34,1
55,Non-Binary,Group_B,107000,599,22,1
30,Male,Group_A,91000,495,14,1
48,Male,Group_C,144000,716,1,1
64,Male,Group_C,49000,719,11,1
53,Male,Group_B,72000,821,35,1
62,Female,Group_B,106000,655,2,1
41,Female,Group_C,32000,447,4,0
69,Non-Binary,Group_A,59000,664,2,1
73,Male,Group_C,108000,663,18,1
32,Non-Binary,Group_C,87000,701,1,1
46,Female,Group_C,61000,791,36,1
25,Male,Group_C,113000,528,16,1
22,Male,Group_B,38000,836,13,1
46,Female,Group_B,42000,567,27,1
64,Female,Group_A,73000,704,26,1
21,Female,Group_A,84000,310,9,0
29,Female,Group_A,43000,619,2,0
62,Female,Group_A,53000,425,35,0
19,Male,Group_C,72000,605,37,1
44,Female,Group_B,37000,810,24,1
48,Male,Group_B,76000,388,21,0
68,Male,Group_A,131000,654,38,1
68,Female,Group_A,24000,651,29,1
53,Female,Group_C,32000,313,20,0
53,Male,Group_C,102000,556,29,1
43,Female,Group_A,48000,508,27,0
60,Female,Group_B,22000,580,30,0
44,Female,Group_B,109000,742,25,1
22,Non-Binary,Group_B,123000,688,21,1
37,Male,Group_A,142000,782,20,1
28,Non-Binary,Group_B,95000,446,0,1
27,Female,Group_C,149000,578,36,1
57,Non-Binary,Group_C,127000,820,12,1
55,Female,Group_A,101000,733,20,1
23,Non-Binary,Group_C,96000,443,8,1
25,Female,Group_A,21000,588,16,0
40,Non-Binary,Group_B,146000,685,20,1
64,Non-Binary,Group_B,45000,313,30,0
43,Non-Binary,Group_B,107000,556,38,1
63,Male,Group_C,35000,645,21,1
60,Non-Binary,Group_A,92000,644,11,1
29,Male,Group_B,51000,699,5,1
43,Female,Group_A,34000,506,15,0
30,Non-Binary,Group_B,24000,471,25,0
57,Female,Group_C,93000,763,4,1
35,Female,Group_C,71000,569,8,1
42,Non-Binary,Group_A,96000,520,39,1
50,Male,Group_C,129000,451,13,1
64,Non-Binary,Group_C,125000,482,29,1
57,Female,Group_A,146000,698,25,1
60,Female,Group_B,26000,371,28,0
29,Non-Binary,Group_C,59000,717,18,1
61,Male,Group_A,118000,582,7,1
53,Male,Group_C,104000,373,22,1
65,Female,Group_C,84000,654,34,1
21,Female,Group_C,30000,796,30,1
22,Male,Group_C,127000,627,34,1
73,Non-Binary,Group_A,45000,834,31,1
54,Female,Group_A,104000,746,4,1
25,Male,Group_A,142000,672,15,1
59,Female,Group_C,87000,661,16,1
66,Non-Binary,Group_C,123000,392,31,1
45,Male,Group_C,99000,620,37,1
48,Female,Group_A,72000,623,31,1
26,Non-Binary,Group_C,125000,683,19,1
71,Female,Group_B,63000,645,1,1
68,Non-Binary,Group_C,109000,402,19,1
46,Non-Binary,Group_B,120000,514,17,1
31,Male,Group_C,116000,491,0,1
57,Non-Binary,Group_A,28000,493,28,0
58,Female,Group_C,31000,679,28,1
39,Non-Binary,Group_B,88000,702,18,1
28,Non-Binary,Group_B,47000,310,39,0
40,Male,Group_C,75000,486,5,0
18,Non-Binary,Group_B,118000,314,38,1
63,Non-Binary,Group_B,129000,596,7,1
54,Female,Group_A,96000,710,23,1
38,Male,Group_C,122000,351,19,1
43,Male,Group_C,125000,327,13,1
63,Male,Group_C,128000,316,4,1
53,Non-Binary,Group_B,131000,650,39,1
71,Male,Group_C,77000,727,33,1
40,Non-Binary,Group_C,97000,528,15,1
74,Non-Binary,Group_A,94000,509,6,1
18,Female,Group_A,61000,730,15,1
71,Female,Group_A,87000,593,6,1
72,Female,Group_B,52000,403,26,0
68,Female,Group_C,90000,503,13,1
57,Female,Group_A,75000,352,13,0
32,Non-Binary,Group_A,124000,674,32,1
38,Non-Binary,Group_A,120000,353,32,1
64,Male,Group_C,70000,575,19,1
26,Non-Binary,Group_C,93000,634,35,1
70,Non-Binary,Group_C,140000,330,6,1
26,Female,Group_B,24000,434,31,0
27,Non-Binary,Group_B,102000,357,2,0
69,Female,Group_A,70000,404,38,1
74,Male,Group_C,29000,565,28,0
70,Male,Group_A,23000,821,23,1
43,Non-Binary,Group_C,114000,795,21,1
58,Male,Group_C,99000,552,5,1
52,Non-Binary,Group_C,55000,594,23,1
69,Male,Group_B,44000,457,39,0
42,Female,Group_B,117000,848,22,1
43,Female,Group_C,120000,366,37,1
28,Female,Group_A,28000,598,9,0
55,Female,Group_C,80000,762,15,1
19,Non-Binary,Group_C,72000,400,10,0
24,Male,Group_A,82000,355,31,1
35,Non-Binary,Group_C,140000,631,5,1
44,Female,Group_A,124000,692,23,1
51,Non-Binary,Group_B,23000,680,32,1
44,Male,Group_B,112000,391,11,1
34,Non-Binary,Group_A,47000,746,26,1
60,Male,Group_B,99000,408,37,1
61,Non-Binary,Group_B,95000,616,17,1
68,Male,Group_A,135000,467,38,1
71,Male,Group_B,88000,734,12,1
41,Female,Group_C,117000,741,39,1
42,Male,Group_C,20000,517,29,0
24,Female,Group_A,115000,521,12,1
69,Female,Group_B,36000,827,33,1
23,Female,Group_C,131000,577,35,1
70,Non-Binary,Group_C,110000,765,29,1
41,Non-Binary,Group_B,107000,329,24,1
50,Non-Binary,Group_B,109000,658,1,1
66,Non-Binary,Group_C,68000,587,35,1
46,Male,Group_C,57000,385,17,0
60,Male,Group_A,78000,533,4,1
39,Non-Binary,Group_A,87000,612,18,1
43,Male,Group_C,149000,664,17,1
45,Male,Group_A,68000,568,31,1
67,Female,Group_C,145000,430,20,1
38,Female,Group_C,130000,650,9,1
66,Female,Group_A,67000,479,36,1
24,Female,Group_A,70000,779,21,1
34,Male,Group_B,62000,462,12,0
37,Non-Binary,Group_B,117000,395,16,1
58,Male,Group_B,143000,809,8,1
66,Male,Group_C,99000,664,23,1
37,Male,Group_A,130000,652,13,1
71,Female,Group_C,46000,735,7,1
39,Female,Group_A,132000,382,36,1
45,Female,Group_C,105000,524,18,1
57,Non-Binary,Group_B,133000,711,27,1
66,Male,Group_B,143000,417,29,1
24,Non-Binary,Group_B,68000,781,6,1
18,Female,Group_C,95000,491,25,1
49,Non-Binary,Group_A,74000,406,39,1
30,Male,Group_A,75000,681,10,1
47,Male,Group_B,114000,689,13,1
40,Female,Group_B,63000,543,20,1
68,Female,Group_B,106000,767,7,1
73,Non-Binary,Group_B,103000,837,2,1
36,Female,Group_A,35000,509,27,0
49,Female,Group_C,56000,372,28,0
47,Male,Group_C,96000,608,22,1
46,Female,Group_C,64000,485,17,0
66,Female,Group_C,81000,552,34,1
62,Male,Group_B,119000,312,12,1
46,Male,Group_B,71000,598,11,1
47,Non-Binary,Group_B,38000,375,4,0
33,Female,Group_C,128000,350,38,1
57,Male,Group_B,63000,448,10,0
36,Non-Binary,Group_B,26000,421,10,0
35,Non-Binary,Group_A,136000,510,30,1
18,Female,Group_A,87000,579,30,1
31,Female,Group_B,53000,837,12,1
68,Non-Binary,Group_A,88000,455,13,1
64,Male,Group_A,74000,537,24,1
67,Non-Binary,Group_B,29000,675,32,1
19,Female,Group_B,61000,381,32,0
71,Male,Group_B,60000,791,14,1
45,Male,Group_B,141000,655,15,1
66,Non-Binary,Group_C,29000,572,37,1
67,Female,Group_C,121000,343,5,1
47,Non-Binary,Group_B,147000,422,24,1
55,Non-Binary,Group_A,111000,648,14,1
68,Non-Binary,Group_B,132000,629,3,1
21,Male,Group_B,97000,708,3,1
18,Male,Group_A,104000,622,29,1
25,Female,Group_C,49000,410,33,0
46,Female,Group_B,68000,388,26,0
72,Non-Binary,Group_B,28000,732,30,1
56,Non-Binary,Group_C,88000,398,31,1
20,Non-Binary,Group_C,77000,838,38,1
49,Female,Group_A,81000,445,8,0
27,Male,Group_C,71000,556,7,1
27,Male,Group_C,59000,488,13,0
36,Non-Binary,Group_C,82000,539,32,1
63,Non-Binary,Group_A,69000,802,22,1
51,Non-Binary,Group_C,97000,570,20,1
50,Non-Binary,Group_C,116000,819,11,1
40,Female,Group_A,62000,849,1,1
72,Male,Group_C,55000,413,12,0
45,Non-Binary,Group_C,141000,638,3,1
49,Female,Group_A,127000,658,19,1
67,Non-Binary,Group_B,29000,633,13,0
24,Non-Binary,Group_A,114000,468,29,1
46,Male,Group_C,25000,638,28,1
25,Non-Binary,Group_C,76000,560,7,1
18,Male,Group_C,148000,498,11,1
74,Male,Group_A,90000,510,37,1
72,Male,Group_C,40000,586,25,1
20,Female,Group_C,111000,771,1,1
41,Female,Group_A,146000,781,39,1
40,Male,Group_B,99000,322,13,0
25,Non-Binary,Group_B,75000,408,5,0
71,Male,Group_C,135000,595,39,1
74,Non-Binary,Group_A,44000,305,30,0
64,Male,Group_C,24000,849,16,1
54,Non-Binary,Group_A,139000,502,24,1
20,Female,Group_A,40000,624,31,1
68,Non-Binary,Group_B,37000,543,11,0
50,Male,Group_B,76000,626,12,1
45,Female,Group_A,112000,346,18,1
64,Non-Binary,Group_C,38000,312,24,0
25,Non-Binary,Group_B,147000,679,30,1
51,Non-Binary,Group_C,116000,664,36,1
52,Non-Binary,Group_B,40000,641,24,1
49,Non-Binary,Group_B,59000,520,15,1
41,Female,Group_C,86000,372,37,1
31,Female,Group_B,146000,345,22,1
49,Female,Group_B,74000,803,13,1
73,Female,Group_C,128000,573,5,1
63,Male,Group_B,117000,507,24,1
60,Female,Group_B,131000,423,22,1
33,Non-Binary,Group_B,134000,309,11,1
21,Non-Binary,Group_C,136000,628,12,1
69,Female,Group_A,106000,486,35,1
54,Non-Binary,Group_C,100000,842,38,1
71,Female,Group_A,85000,359,33,1
38,Non-Binary,Group_B,38000,741,5,1
31,Male,Group_A,137000,516,37,1
48,Male,Group_C,61000,301,39,0
72,Female,Group_C,61000,835,7,1
65,Female,Group_B,78000,655,7,1
35,Female,Group_A,39000,464,39,0
24,Non-Binary,Group_B,92000,390,32,1
27,Female,Group_B,36000,466,33,0
24,Male,Group_C,46000,506,14,0
50,Non-Binary,Group_A,21000,581,35,0
40,Female,Group_A,82000,364,34,1
38,Non-Binary,Group_A,81000,815,21,1
36,Non-Binary,Group_A,119000,456,22,1
65,Female,Group_B,38000,605,39,1
36,Non-Binary,Group_B,36000,694,21,1
53,Male,Group_C,88000,373,4,0
46,Male,Group_B,136000,486,30,1
35,Non-Binary,Group_B,100000,636,12,1
19,Female,Group_C,58000,539,27,1
18,Non-Binary,Group_C,55000,832,19,1
64,Male,Group_C,48000,440,32,0
22,Non-Binary,Group_B,70000,564,15,1
37,Non-Binary,Group_B,33000,438,28,0
28,Male,Group_C,88000,758,22,1
59,Non-Binary,Group_C,76000,369,23,0
19,Non-Binary,Group_C,31000,684,33,1
20,Female,Group_B,36000,497,6,0
40,Female,Group_B,49000,504,37,1
72,Male,Group_A,107000,730,36,1
29,Male,Group_B,118000,624,3,1
37,Male,Group_B,42000,741,33,1
22,Female,Group_B,148000,587,21,1
54,Male,Group_C,98000,525,4,1
55,Male,Group_B,51000,363,22,0
47,Male,Group_C,28000,797,14,1
26,Female,Group_A,34000,359,30,0
51,Non-Binary,Group_A,46000,696,8,1
70,Male,Group_C,128000,556,24,1
61,Non-Binary,Group_C,95000,538,24,1
52,Male,Group_C,84000,337,20,0
69,Non-Binary,Group_B,128000,324,8,1
39,Female,Group_A,148000,709,37,1
61,Female,Group_C,29000,760,21,1
41,Male,Group_B,66000,716,22,1
34,Non-Binary,Group_A,142000,656,3,1
27,Female,Group_B,78000,682,28,1
47,Male,Group_A,115000,457,14,1
73,Male,Group_B,122000,732,0,1
63,Female,Group_A,143000,347,29,1
40,Female,Group_A,105000,627,28,1
49,Male,Group_B,131000,732,19,1
34,Non-Binary,Group_C,46000,730,32,1
67,Non-Binary,Group_A,37000,355,35,0
68,Non-Binary,Group_C,101000,567,21,1
34,Male,Group_B,91000,368,12,0
31,Female,Group_C,73000,748,6,1
26,Male,Group_C,90000,556,7,1
57,Female,Group_C,57000,789,27,1
19,Non-Binary,Group_C,54000,348,8,0
62,Non-Binary,Group_C,101000,615,24,1
42,Female,Group_A,23000,712,15,1
56,Female,Group_A,42000,733,9,1
26,Male,Group_A,67000,301,10,0
71,Non-Binary,Group_B,144000,444,30,1
39,Male,Group_C,74000,665,11,1
60,Male,Group_A,87000,719,30,1
63,Male,Group_B,107000,743,13,1
21,Non-Binary,Group_A,20000,733,31,1
43,Male,Group_A,114000,356,16,1
46,Male,Group_C,125000,477,34,1
62,Male,Group_B,127000,592,0,1
51,Male,Group_C,61000,345,28,0
40,Male,Group_C,121000,469,3,1
54,Male,Group_A,143000,570,22,1
28,Non-Binary,Group_C,122000,716,27,1
23,Male,Group_B,93000,438,15,1
35,Female,Group_C,127000,546,11,1
38,Male,Group_C,141000,447,20,1
59,Male,Group_C,36000,529,16,0
53,Non-Binary,Group_A,90000,673,39,1
58,Non-Binary,Group_B,81000,379,12,0
55,Female,Group_A,60000,364,31,0
51,Female,Group_A,138000,387,36,1
34,Non-Binary,Group_A,64000,387,14,0
54,Non-Binary,Group_A,77000,503,11,1
42,Male,Group_A,145000,681,14,1
55,Non-Binary,Group_B,63000,775,33,1
29,Female,Group_C,34000,838,5,1
40,Male,Group_A,97000,513,16,1
70,Female,Group_A,89000,373,19,1
59,Male,Group_B,120000,360,8,1
39,Non-Binary,Group_B,22000,842,4,1
38,Female,Group_C,105000,518,22,1
44,Male,Group_B,93000,311,32,1
74,Male,Group_C,70000,714,37,1
48,Non-Binary,Group_A,86000,331,13,0
23,Non-Binary,Group_A,95000,459,16,1
44,Non-Binary,Group_C,112000,536,18,1
57,Female,Group_B,26000,480,32,0
51,Male,Group_C,32000,640,0,0
29,Non-Binary,Group_B,139000,757,12,1
62,Female,Group_A,85000,379,26,1
74,Female,Group_B,23000,772,5,1
70,Female,Group_C,107000,411,5,1
24,Non-Binary,Group_C,36000,591,32,1
27,Non-Binary,Group_A,71000,682,29,1
62,Male,Group_B,88000,316,34,1
34,Male,Group_B,40000,792,22,1
43,Non-Binary,Group_B,43000,630,9,1
38,Female,Group_A,23000,785,18,1
45,Female,Group_B,22000,705,27,1
63,Female,Group_C,87000,416,22,1
19,Male,Group_B,120000,414,3,1
71,Female,Group_A,73000,848,19,1
60,Male,Group_B,54000,846,18,1
18,Male,Group_B,75000,635,26,1
68,Female,Group_C,127000,635,33,1
70,Female,Group_B,59000,446,3,0
53,Non-Binary,Group_C,87000,421,37,1
68,Non-Binary,Group_C,65000,380,6,0
43,Female,Group_A,97000,674,6,1
46,Male,Group_C,25000,362,25,0
38,Male,Group_C,36000,803,25,1
28,Male,Group_A,118000,748,18,1
57,Male,Group_C,100000,727,8,1
28,Male,Group_A,21000,726,19,1
53,Non-Binary,Group_B,96000,720,15,1
66,Female,Group_A,85000,621,16,1
56,Non-Binary,Group_C,71000,465,21,1
57,Male,Group_A,111000,760,12,1
52,Male,Group_C,41000,758,11,1
71,Male,Group_B,130000,488,9,1
51,Male,Group_A,126000,763,0,1
72,Female,Group_B,86000,678,31,1
64,Male,Group_C,88000,301,29,0
41,Female,Group_C,103000,663,7,1
71,Male,Group_B,122000,371,20,1
39,Female,Group_A,58000,726,21,1
22,Non-Binary,Group_A,32000,469,17,0
73,Male,Group_C,60000,504,1,0
50,Female,Group_B,76000,636,8,1
53,Non-Binary,Group_B,31000,771,2,1
64,Male,Group_A,32000,494,25,0
37,Male,Group_A,139000,574,20,1
36,Male,Group_A,116000,306,29,1
52,Female,Group_B,76000,477,27,1
69,Female,Group_A,59000,541,35,1
60,Non-Binary,Group_A,137000,502,25,1
34,Female,Group_C,99000,842,33,1
62,Female,Group_A,147000,761,7,1
60,Male,Group_A,54000,379,9,0
51,Male,Group_B,22000,822,13,1
26,Male,Group_B,139000,716,39,1
43,Male,Group_C,24000,683,14,1
19,Male,Group_A,30000,690,16,1
70,Male,Group_C,145000,425,17,1
26,Male,Group_B,90000,793,31,1
26,Non-Binary,Group_C,136000,346,37,1
57,Non-Binary,Group_B,125000,775,22,1
34,Non-Binary,Group_C,135000,763,22,1
18,Non-Binary,Group_C,86000,422,34,1
42,Male,Group_A,50000,773,38,1
60,Non-Binary,Group_C,94000,433,14,1
57,Male,Group_A,90000,322,23,0
59,Non-Binary,Group_A,85000,534,27,1
42,Female,Group_A,89000,358,15,0
56,Non-Binary,Group_A,60000,463,15,0
52,Non-Binary,Group_C,39000,515,39,1
20,Male,Group_B,58000,482,38,1
67,Non-Binary,Group_B,64000,389,5,0
54,Female,Group_B,89000,610,1,1
61,Male,Group_C,144000,556,12,1
61,Male,Group_A,110000,832,8,1
68,Non-Binary,Group_B,89000,832,33,1
47,Male,Group_C,149000,351,16,1
55,Male,Group_A,103000,637,26,1
51,Male,Group_B,108000,470,28,1
29,Male,Group_A,98000,366,36,1
36,Male,Group_B,132000,599,21,1
54,Male,Group_B,112000,531,23,1
61,Female,Group_B,91000,367,6,0
66,Non-Binary,Group_A,68000,805,33,1
34,Female,Group_C,71000,327,11,0
27,Male,Group_A,52000,350,22,0
74,Male,Group_B,41000,559,14,0
72,Non-Binary,Group_A,133000,483,32,1
66,Female,Group_C,37000,322,12,0
64,Non-Binary,Group_A,137000,428,22,1
29,Female,Group_C,136000,590,37,1
33,Male,Group_C,56000,800,31,1
41,Non-Binary,Group_A,83000,485,34,1
36,Non-Binary,Group_B,98000,778,0,1
25,Male,Group_C,142000,791,4,1
48,Non-Binary,Group_A,63000,812,12,1
38,Female,Group_C,101000,366,4,0
34,Female,Group_B,106000,766,31,1
40,Female,Group_A,35000,584,20,0
54,Female,Group_A,73000,716,23,1
71,Male,Group_A,121000,399,17,1
33,Non-Binary,Group_B,117000,488,20,1
23,Female,Group_C,21000,687,9,0
25,Male,Group_A,113000,540,23,1
42,Non-Binary,Group_C,78000,716,39,1
35,Non-Binary,Group_C,88000,475,20,1
42,Male,Group_B,138000,686,24,1
29,Male,Group_A,111000,770,22,1
32,Female,Group_C,64000,532,21,1
43,Non-Binary,Group_A,43000,751,3,1
58,Non-Binary,Group_A,110000,576,33,1
62,Male,Group_B,113000,528,5,1
43,Non-Binary,Group_A,77000,470,27,1
64,Female,Group_A,147000,512,30,1
49,Non-Binary,Group_C,26000,581,34,0
27,Male,Group_B,66000,340,38,0
33,Male,Group_A,72000,421,22,0
24,Female,Group_C,57000,526,5,0
34,Female,Group_B,72000,593,15,1
40,Non-Binary,Group_B,67000,566,1,1
43,Non-Binary,Group_C,114000,840,23,1
38,Male,Group_C,83000,750,16,1
39,Female,Group_C,112000,748,0,1
24,Female,Group_C,144000,360,5,1
31,Female,Group_C,58000,801,4,1
32,Non-Binary,Group_A,23000,446,28,0
70,Female,Group_A,145000,633,11,1
24,Male,Group_B,22000,441,38,0
26,Male,Group_A,83000,343,2,0
68,Non-Binary,Group_A,48000,443,0,0
65,Non-Binary,Group_A,135000,632,26,1
25,Female,Group_C,30000,796,23,1
67,Non-Binary,Group_B,116000,695,18,1
40,Male,Group_B,121000,354,7,1
46,Female,Group_B,40000,606,1,0
35,Male,Group_B,58000,722,29,1
48,Female,Group_A,121000,716,29,1
47,Non-Binary,Group_A,65000,624,38,1
69,Female,Group_C,85000,379,31,1
56,Female,Group_B,110000,330,0,0
52,Male,Group_A,130000,411,37,1
35,Male,Group_A,101000,771,12,1
59,Female,Group_C,142000,373,10,1
56,Non-Binary,Group_C,118000,778,9,1
34,Non-Binary,Group_C,54000,686,25,1
31,Male,Group_A,122000,732,19,1
48,Non-Binary,Group_A,148000,711,16,1
41,Male,Group_C,44000,766,16,1
52,Non-Binary,Group_B,62000,547,3,0
61,Female,Group_C,103000,419,4,1
62,Male,Group_C,70000,366,22,0
51,Male,Group_C,149000,626,9,1
20,Female,Group_C,145000,769,27,1
54,Male,Group_A,88000,792,32,1
60,Non-Binary,Group_B,28000,585,25,0
57,Non-Binary,Group_C,21000,611,28,0
43,Male,Group_B,29000,608,26,0
72,Non-Binary,Group_B,133000,396,17,1
40,Male,Group_B,95000,412,39,1
61,Female,Group_C,104000,755,9,1
56,Male,Group_A,68000,762,4,1
32,Female,Group_C,89000,431,9,1
73,Non-Binary,Group_B,109000,420,20,1
66,Female,Group_B,45000,496,23,0
21,Non-Binary,Group_A,91000,781,37,1
46,Male,Group_C,24000,338,2,0
39,Non-Binary,Group_B,34000,811,39,1
42,Male,Group_A,142000,773,30,1
30,Male,Group_B,20000,460,36,0
35,Female,Group_A,22000,588,1,0
50,Female,Group_A,66000,499,1,0
33,Female,Group_C,114000,827,38,1
62,Female,Group_B,32000,802,33,1
59,Non-Binary,Group_C,139000,547,19,1
61,Non-Binary,Group_B,74000,682,32,1
19,Non-Binary,Group_C,85000,517,3,1
72,Male,Group_B,109000,386,10,1
52,Non-Binary,Group_C,81000,381,4,0
59,Non-Binary,Group_A,121000,361,24,1
51,Non-Binary,Group_B,27000,799,36,1
47,Female,Group_B,116000,341,33,1
72,Non-Binary,Group_A,136000,311,8,1
30,Male,Group_C,83000,414,5,0
30,Female,Group_B,40000,517,17,0
35,Male,Group_B,134000,405,13,1
49,Non-Binary,Group_C,104000,827,18,1
49,Female,Group_A,39000,771,13,1
52,Male,Group_C,27000,686,39,1
56,Non-Binary,Group_C,77000,525,16,1
63,Male,Group_C,65000,780,34,1
69,Male,Group_B,50000,707,28,1
46,Male,Group_A,112000,756,16,1
66,Non-Binary,Group_A,28000,320,7,0
46,Non-Binary,Group_C,34000,502,0,0
70,Male,Group_B,113000,716,35,1
61,Female,Group_C,48000,715,6,1
74,Female,Group_B,99000,747,4,1
33,Non-Binary,Group_B,55000,811,23,1
73,Non-Binary,Group_B,103000,384,27,1
61,Non-Binary,Group_B,128000,466,16,1
64,Non-Binary,Group_A,137000,683,36,1
74,Non-Binary,Group_B,56000,767,19,1
27,Female,Group_B,105000,371,2,1
47,Non-Binary,Group_C,90000,820,36,1
42,Male,Group_C,112000,772,25,1
56,Male,Group_A,99000,557,14,1
37,Female,Group_C,121000,574,7,1
22,Male,Group_B,33000,319,12,0
18,Female,Group_C,136000,789,2,1
47,Female,Group_A,92000,789,0,1
66,Male,Group_C,110000,625,8,1
20,Non-Binary,Group_C,109000,828,30,1
62,Male,Group_A,48000,388,25,0
31,Male,Group_A,68000,785,16,1
73,Female,Group_B,91000,649,33,1
47,Male,Group_C,61000,383,8,0
67,Female,Group_B,61000,686,12,1
21,Non-Binary,Group_C,124000,386,4,1
35,Non-Binary,Group_C,46000,606,12,1
54,Non-Binary,Group_B,77000,453,0,0
42,Male,Group_C,65000,739,24,1
65,Female,Group_C,85000,563,3,1
18,Non-Binary,Group_C,44000,720,35,1
70,Female,Group_A,92000,792,9,1
63,Female,Group_B,136000,710,27,1
32,Non-Binary,Group_A,148000,472,5,1
26,Non-Binary,Group_B,106000,303,26,1
32,Female,Group_B,93000,771,11,1
66,Non-Binary,Group_C,144000,409,2,1
74,Female,Group_B,86000,336,32,1
41,Female,Group_A,25000,330,9,0
21,Non-Binary,Group_A,144000,680,30,1
29,Male,Group_A,77000,567,14,1
54,Non-Binary,Group_B,89000,310,6,0
54,Male,Group_A,72000,643,35,1
60,Female,Group_B,85000,843,13,1
23,Female,Group_A,77000,465,13,1
56,Male,Group_A,101000,641,2,1
73,Female,Group_B,106000,781,2,1
63,Male,Group_A,21000,318,21,0
41,Male,Group_C,56000,483,18,0
28,Female,Group_B,122000,844,34,1
30,Male,Group_B,43000,309,11,0
51,Non-Binary,Group_B,131000,491,4,1
42,Non-Binary,Group_C,84000,619,9,1
24,Female,Group_B,148000,774,32,1
69,Female,Group_A,136000,726,12,1
21,Male,Group_A,135000,358,34,1
25,Male,Group_A,124000,735,31,1
37,Male,Group_B,22000,396,10,0
46,Male,Group_A,65000,795,37,1
71,Non-Binary,Group_B,74000,577,23,1
70,Non-Binary,Group_A,94000,564,34,1
68,Female,Group_C,64000,308,18,0
62,Male,Group_C,96000,756,5,1
63,Male,Group_C,43000,572,39,1
27,Female,Group_C,54000,307,34,0
60,Male,Group_B,43000,507,3,0
51,Male,Group_A,47000,422,32,0
74,Male,Group_C,35000,332,12,0
43,Male,Group_B,78000,812,35,1
58,Male,Group_C,34000,503,18,0
66,Female,Group_C,30000,817,11,1
20,Male,Group_B,98000,816,10,1
73,Female,Group_B,134000,742,5,1
23,Male,Group_A,87000,638,11,1
22,Non-Binary,Group_A,62000,737,26,1
22,Non-Binary,Group_C,88000,744,24,1
71,Non-Binary,Group_C,94000,435,2,1
64,Non-Binary,Group_A,122000,686,2,1
40,Female,Group_A,60000,324,19,0
66,Female,Group_B,78000,805,27,1
26,Male,Group_A,58000,624,22,1
52,Non-Binary,Group_A,22000,637,2,0
37,Female,Group_C,26000,394,23,0
66,Male,Group_A,68000,844,39,1
59,Male,Group_C,45000,445,5,0
52,Female,Group_A,120000,530,19,1
67,Non-Binary,Group_B,98000,794,10,1
35,Male,Group_A,21000,337,31,0
34,Non-Binary,Group_A,146000,724,26,1
41,Non-Binary,Group_A,39000,736,20,1
20,Non-Binary,Group_C,136000,667,12,1
49,Male,Group_B,51000,644,21,1
52,Non-Binary,Group_A,47000,459,34,0
55,Male,Group_C,96000,849,21,1
30,Non-Binary,Group_B,20000,840,27,1
73,Male,Group_C,75000,443,20,1
64,Non-Binary,Group_C,54000,644,17,1
42,Female,Group_B,131000,568,30,1
26,Non-Binary,Group_A,49000,567,36,1
21,Non-Binary,Group_C,73000,468,20,1
31,Male,Group_C,55000,332,13,0
54,Male,Group_A,99000,676,24,1
51,Non-Binary,Group_A,77000,513,26,1
28,Female,Group_B,102000,739,39,1
58,Female,Group_B,84000,791,22,1
73,Male,Group_B,88000,692,30,1
20,Female,Group_A,147000,788,28,1
45,Non-Binary,Group_C,70000,328,29,0
46,Male,Group_C,41000,338,25,0
26,Non-Binary,Group_B,126000,472,19,1
20,Male,Group_A,128000,316,37,1
42,Male,Group_C,135000,355,18,1
51,Male,Group_B,120000,525,26,1
29,Male,Group_C,119000,366,24,1
59,Female,Group_C,87000,496,39,1
26,Non-Binary,Group_A,55000,322,37,0
32,Non-Binary,Group_A,41000,536,22,0
57,Non-Binary,Group_C,85000,437,28,1
42,Male,Group_B,40000,772,14,1
22,Female,Group_A,119000,528,2,1
28,Non-Binary,Group_C,147000,616,9,1
51,Female,Group_A,63000,500,14,0
41,Male,Group_A,122000,557,15,1
32,Non-Binary,Group_A,66000,779,16,1
55,Female,Group_C,58000,477,18,0
25,Male,Group_B,48000,422,10,0
22,Female,Group_B,73000,641,4,1
65,Non-Binary,Group_B,109000,470,4,1
43,Non-Binary,Group_A,104000,358,13,1
35,Male,Group_C,36000,764,25,1
23,Male,Group_A,99000,559,7,1
54,Male,Group_B,92000,672,4,1
65,Female,Group_B,68000,394,6,0
30,Female,Group_C,120000,424,15,1
45,Female,Group_A,21000,340,13,0
22,Male,Group_B,78000,553,36,1
30,Non-Binary,Group_C,116000,306,3,0
34,Non-Binary,Group_A,118000,770,35,1
67,Female,Group_A,122000,810,16,1
57,Female,Group_B,21000,368,35,0
62,Non-Binary,Group_B,60000,380,5,0
